{
    "mae": 4326.033110119048,
    "rmse": 6787.533694118364,
    "mape": 25.424088307908548
}